[
  {
    "nickname": "Leo",
    "name": "Leonardo",
    "person_photo": "https://kartinki.pics/uploads/posts/2022-05/1653581191_34-kartinkin-net-p-kartinki-leo-34.jpg"
  },
  {
    "nickname": "Mikey",
    "name": "Michelangelo",
    "person_photo": "https://img.razrisyika.ru/kart/140/559407-cherepashki-nindzya-mikelandzhelo-24.jpg"
  },
  {
    "nickname": "Donnie",
    "name": "Donatello",
    "person_photo": " https://cdn.quehowto.com/wp-content/uploads/2018/10/Donattelo-2.jpg_principal-1200-amp.jpg"
  },
  {
    "nickname": "Raph",
    "name": "Raphael",
    "person_photo": "https://kartinki.pics/uploads/posts/2022-03/1648211818_10-kartinkin-net-p-rafael-cherepashki-nindzya-kartinki-10.jpg"
  },
  {
    "nickname": "April",
    "name": "April O'Neil",
    "person_photo":"https://art.kartinkof.club/uploads/posts/2023-07/1688903182_art-kartinkof-club-p-eipril-o-nil-2012-art-56.jpg"
  },
  {
    "nickname": "Master Splinter",
    "name": "Splinter",
    "person_photo": "https://media.wired.com/photos/59338bd67965e75f5f3c89a5/16:9/w_1941,c_limit/TMNT_SG_Splinter_001_CGI.jpg"
  },
  {
    "nickname": "The Shredder",
    "name": "Shredder",
    "person_photo": "https://i.pinimg.com/originals/d5/cc/a1/d5cca1b78027414ee409511d2737e7da.jpg"
  },
  {
    "nickname": "Casey",
    "name": "Casey Jones",
    "person_photo": "https://vignette.wikia.nocookie.net/tmnt/images/1/14/Casey_Jones_2k12_official.png"
  },
  {
    "nickname": "Karai",
    "name": "Karai",
    "person_photo": "https://i.ytimg.com/vi/72xw2_Otglg/maxresdefault.jpg"
  }
]
